{
  "total_pv_premiums": 609552.0657174452,
  "total_pv_benefits": 546961.5697684529,
  "total_gpv": -62590.49594899239,
  "n_policies": 4
}